format	width	quality	size	dssim	filename
webp	160	10	1656	0.01224771	./quality-samples/sample0.jpg
webp	160	15	1982	0.00978639	./quality-samples/sample0.jpg
webp	160	20	2252	0.00817082	./quality-samples/sample0.jpg
webp	160	25	2550	0.00686334	./quality-samples/sample0.jpg
webp	160	30	2794	0.00620004	./quality-samples/sample0.jpg
webp	160	35	3014	0.00578081	./quality-samples/sample0.jpg
webp	160	40	3232	0.00525045	./quality-samples/sample0.jpg
webp	160	45	3434	0.00478344	./quality-samples/sample0.jpg
webp	160	50	3614	0.0042981	./quality-samples/sample0.jpg
webp	160	55	3796	0.00379721	./quality-samples/sample0.jpg
webp	160	60	4032	0.00339756	./quality-samples/sample0.jpg
webp	160	65	4198	0.00321005	./quality-samples/sample0.jpg
webp	160	70	4472	0.00300371	./quality-samples/sample0.jpg
webp	160	75	4684	0.00271143	./quality-samples/sample0.jpg
webp	160	80	5340	0.00229741	./quality-samples/sample0.jpg
webp	160	85	6204	0.00183828	./quality-samples/sample0.jpg
webp	160	90	7374	0.00146158	./quality-samples/sample0.jpg
webp	160	95	9028	0.00114731	./quality-samples/sample0.jpg
webp	160	100	11270	0.00105751	./quality-samples/sample0.jpg
jpeg	160	10	1357	0.02378856	./quality-samples/sample0.jpg
jpeg	160	15	1729	0.01599969	./quality-samples/sample0.jpg
jpeg	160	20	2066	0.01160643	./quality-samples/sample0.jpg
jpeg	160	25	2370	0.00984417	./quality-samples/sample0.jpg
jpeg	160	30	2661	0.00817494	./quality-samples/sample0.jpg
jpeg	160	35	2900	0.00731067	./quality-samples/sample0.jpg
jpeg	160	40	3124	0.00662279	./quality-samples/sample0.jpg
jpeg	160	45	3343	0.00582575	./quality-samples/sample0.jpg
jpeg	160	50	3554	0.0054399	./quality-samples/sample0.jpg
jpeg	160	55	3769	0.00495075	./quality-samples/sample0.jpg
jpeg	160	60	4018	0.00436988	./quality-samples/sample0.jpg
jpeg	160	65	4325	0.00397415	./quality-samples/sample0.jpg
jpeg	160	70	4739	0.00346028	./quality-samples/sample0.jpg
jpeg	160	75	5236	0.00298121	./quality-samples/sample0.jpg
jpeg	160	80	5883	0.00247402	./quality-samples/sample0.jpg
jpeg	160	85	6813	0.00196544	./quality-samples/sample0.jpg
jpeg	160	90	8312	0.00136776	./quality-samples/sample0.jpg
jpeg	160	95	11011	0.00097067	./quality-samples/sample0.jpg
jpeg	160	100	17609	0.00081719	./quality-samples/sample0.jpg
avif	160	10	871	0.03012989	./quality-samples/sample0.jpg
avif	160	15	1082	0.0217842	./quality-samples/sample0.jpg
avif	160	20	1374	0.01456692	./quality-samples/sample0.jpg
avif	160	25	1635	0.01058805	./quality-samples/sample0.jpg
avif	160	30	1978	0.00750103	./quality-samples/sample0.jpg
avif	160	35	2323	0.0057755	./quality-samples/sample0.jpg
avif	160	40	2750	0.00472319	./quality-samples/sample0.jpg
avif	160	45	3227	0.00359255	./quality-samples/sample0.jpg
avif	160	50	3692	0.0029143	./quality-samples/sample0.jpg
avif	160	55	4413	0.00235466	./quality-samples/sample0.jpg
avif	160	60	5043	0.00212635	./quality-samples/sample0.jpg
avif	160	65	5551	0.00189245	./quality-samples/sample0.jpg
avif	160	70	6013	0.00174645	./quality-samples/sample0.jpg
avif	160	75	6504	0.0015856	./quality-samples/sample0.jpg
avif	160	80	7146	0.00148482	./quality-samples/sample0.jpg
avif	160	85	8266	0.00133091	./quality-samples/sample0.jpg
avif	160	90	9586	0.00128176	./quality-samples/sample0.jpg
avif	160	95	11694	0.0012773	./quality-samples/sample0.jpg
avif	160	100	14559	0.00125127	./quality-samples/sample0.jpg
webp	160	10	3688	0.01721981	./quality-samples/sample3.jpg
webp	160	15	4270	0.01349257	./quality-samples/sample3.jpg
webp	160	20	5002	0.01113521	./quality-samples/sample3.jpg
webp	160	25	5732	0.0096905	./quality-samples/sample3.jpg
webp	160	30	6524	0.00848371	./quality-samples/sample3.jpg
webp	160	35	7070	0.0075194	./quality-samples/sample3.jpg
webp	160	40	7472	0.00602858	./quality-samples/sample3.jpg
webp	160	45	8018	0.00603028	./quality-samples/sample3.jpg
webp	160	50	8478	0.00531892	./quality-samples/sample3.jpg
webp	160	55	8864	0.00449104	./quality-samples/sample3.jpg
webp	160	60	9484	0.0038298	./quality-samples/sample3.jpg
webp	160	65	10078	0.00339986	./quality-samples/sample3.jpg
webp	160	70	10676	0.00314325	./quality-samples/sample3.jpg
webp	160	75	11188	0.00282528	./quality-samples/sample3.jpg
webp	160	80	13432	0.00211863	./quality-samples/sample3.jpg
webp	160	85	15412	0.00162085	./quality-samples/sample3.jpg
webp	160	90	18608	0.00114416	./quality-samples/sample3.jpg
webp	160	95	23162	0.00082359	./quality-samples/sample3.jpg
webp	160	100	28884	0.00068023	./quality-samples/sample3.jpg
jpeg	160	10	2713	0.02942113	./quality-samples/sample3.jpg
jpeg	160	15	3712	0.01844482	./quality-samples/sample3.jpg
jpeg	160	20	4551	0.01321095	./quality-samples/sample3.jpg
jpeg	160	25	5321	0.01097653	./quality-samples/sample3.jpg
jpeg	160	30	6013	0.00885272	./quality-samples/sample3.jpg
jpeg	160	35	6629	0.0076548	./quality-samples/sample3.jpg
jpeg	160	40	7149	0.0068754	./quality-samples/sample3.jpg
jpeg	160	45	7724	0.00613224	./quality-samples/sample3.jpg
jpeg	160	50	8207	0.00564578	./quality-samples/sample3.jpg
jpeg	160	55	8738	0.00500334	./quality-samples/sample3.jpg
jpeg	160	60	9383	0.00454593	./quality-samples/sample3.jpg
jpeg	160	65	10207	0.00401222	./quality-samples/sample3.jpg
jpeg	160	70	11180	0.00347485	./quality-samples/sample3.jpg
jpeg	160	75	12318	0.00292667	./quality-samples/sample3.jpg
jpeg	160	80	14035	0.00230785	./quality-samples/sample3.jpg
jpeg	160	85	16344	0.00172313	./quality-samples/sample3.jpg
jpeg	160	90	20064	0.0011697	./quality-samples/sample3.jpg
jpeg	160	95	27259	0.00069822	./quality-samples/sample3.jpg
jpeg	160	100	43676	0.00052215	./quality-samples/sample3.jpg
avif	160	10	1432	0.04883232	./quality-samples/sample3.jpg
avif	160	15	1898	0.03590539	./quality-samples/sample3.jpg
avif	160	20	2597	0.02319863	./quality-samples/sample3.jpg
avif	160	25	3262	0.01716618	./quality-samples/sample3.jpg
avif	160	30	4072	0.01244224	./quality-samples/sample3.jpg
avif	160	35	4933	0.00949306	./quality-samples/sample3.jpg
avif	160	40	6082	0.00717579	./quality-samples/sample3.jpg
avif	160	45	7366	0.00534105	./quality-samples/sample3.jpg
avif	160	50	8713	0.00417839	./quality-samples/sample3.jpg
avif	160	55	10845	0.00318805	./quality-samples/sample3.jpg
avif	160	60	12521	0.00267055	./quality-samples/sample3.jpg
avif	160	65	14045	0.00241745	./quality-samples/sample3.jpg
avif	160	70	15314	0.0021986	./quality-samples/sample3.jpg
avif	160	75	16796	0.00202724	./quality-samples/sample3.jpg
avif	160	80	18653	0.00188388	./quality-samples/sample3.jpg
avif	160	85	21953	0.00175778	./quality-samples/sample3.jpg
avif	160	90	25574	0.00167386	./quality-samples/sample3.jpg
avif	160	95	31095	0.00163538	./quality-samples/sample3.jpg
avif	160	100	38210	0.00162246	./quality-samples/sample3.jpg
webp	160	10	3458	0.01607807	./quality-samples/sample1.jpg
webp	160	15	4080	0.01214083	./quality-samples/sample1.jpg
webp	160	20	4780	0.01014239	./quality-samples/sample1.jpg
webp	160	25	5468	0.0082628	./quality-samples/sample1.jpg
webp	160	30	6250	0.0067753	./quality-samples/sample1.jpg
webp	160	35	6696	0.00593955	./quality-samples/sample1.jpg
webp	160	40	7094	0.00540552	./quality-samples/sample1.jpg
webp	160	45	7634	0.00463848	./quality-samples/sample1.jpg
webp	160	50	8168	0.004201	./quality-samples/sample1.jpg
webp	160	55	8512	0.00376801	./quality-samples/sample1.jpg
webp	160	60	9158	0.00324604	./quality-samples/sample1.jpg
webp	160	65	9756	0.00286923	./quality-samples/sample1.jpg
webp	160	70	10220	0.00260157	./quality-samples/sample1.jpg
webp	160	75	10734	0.00233549	./quality-samples/sample1.jpg
webp	160	80	13154	0.00158148	./quality-samples/sample1.jpg
webp	160	85	15380	0.00108502	./quality-samples/sample1.jpg
webp	160	90	18894	0.00064955	./quality-samples/sample1.jpg
webp	160	95	24154	0.00038827	./quality-samples/sample1.jpg
webp	160	100	30792	0.0002601	./quality-samples/sample1.jpg
jpeg	160	10	2606	0.02778823	./quality-samples/sample1.jpg
jpeg	160	15	3588	0.01676756	./quality-samples/sample1.jpg
jpeg	160	20	4406	0.01248988	./quality-samples/sample1.jpg
jpeg	160	25	5157	0.00976068	./quality-samples/sample1.jpg
jpeg	160	30	5789	0.00818048	./quality-samples/sample1.jpg
jpeg	160	35	6432	0.0069099	./quality-samples/sample1.jpg
jpeg	160	40	6963	0.00605055	./quality-samples/sample1.jpg
jpeg	160	45	7545	0.00526342	./quality-samples/sample1.jpg
jpeg	160	50	8062	0.00482831	./quality-samples/sample1.jpg
jpeg	160	55	8576	0.00428494	./quality-samples/sample1.jpg
jpeg	160	60	9198	0.00380487	./quality-samples/sample1.jpg
jpeg	160	65	9971	0.00328601	./quality-samples/sample1.jpg
jpeg	160	70	10907	0.0028464	./quality-samples/sample1.jpg
jpeg	160	75	11985	0.00237418	./quality-samples/sample1.jpg
jpeg	160	80	13674	0.00184851	./quality-samples/sample1.jpg
jpeg	160	85	15962	0.00132377	./quality-samples/sample1.jpg
jpeg	160	90	19602	0.00081017	./quality-samples/sample1.jpg
jpeg	160	95	26717	0.00037626	./quality-samples/sample1.jpg
jpeg	160	100	42835	0.00018435	./quality-samples/sample1.jpg
avif	160	10	1440	0.04216543	./quality-samples/sample1.jpg
avif	160	15	1979	0.03134155	./quality-samples/sample1.jpg
avif	160	20	2648	0.02131002	./quality-samples/sample1.jpg
avif	160	25	3305	0.0158345	./quality-samples/sample1.jpg
avif	160	30	4092	0.01190522	./quality-samples/sample1.jpg
avif	160	35	4904	0.00888634	./quality-samples/sample1.jpg
avif	160	40	6011	0.00649039	./quality-samples/sample1.jpg
avif	160	45	7208	0.00476211	./quality-samples/sample1.jpg
avif	160	50	8462	0.00359354	./quality-samples/sample1.jpg
avif	160	55	10279	0.00245508	./quality-samples/sample1.jpg
avif	160	60	11839	0.00183638	./quality-samples/sample1.jpg
avif	160	65	13376	0.00150764	./quality-samples/sample1.jpg
avif	160	70	14654	0.00129308	./quality-samples/sample1.jpg
avif	160	75	16154	0.0010953	./quality-samples/sample1.jpg
avif	160	80	18145	0.00092818	./quality-samples/sample1.jpg
avif	160	85	21557	0.00077174	./quality-samples/sample1.jpg
avif	160	90	25337	0.00066631	./quality-samples/sample1.jpg
avif	160	95	31065	0.00060538	./quality-samples/sample1.jpg
avif	160	100	38213	0.0005838	./quality-samples/sample1.jpg
webp	160	10	1570	0.01196051	./quality-samples/sample2.jpg
webp	160	15	1820	0.01054094	./quality-samples/sample2.jpg
webp	160	20	1976	0.00836132	./quality-samples/sample2.jpg
webp	160	25	2178	0.00672374	./quality-samples/sample2.jpg
webp	160	30	2374	0.00594942	./quality-samples/sample2.jpg
webp	160	35	2608	0.00500735	./quality-samples/sample2.jpg
webp	160	40	2736	0.00439528	./quality-samples/sample2.jpg
webp	160	45	2868	0.00401782	./quality-samples/sample2.jpg
webp	160	50	3094	0.00367254	./quality-samples/sample2.jpg
webp	160	55	3226	0.00331533	./quality-samples/sample2.jpg
webp	160	60	3442	0.00296257	./quality-samples/sample2.jpg
webp	160	65	3654	0.00273604	./quality-samples/sample2.jpg
webp	160	70	3842	0.00254634	./quality-samples/sample2.jpg
webp	160	75	4072	0.00218466	./quality-samples/sample2.jpg
webp	160	80	4896	0.00168135	./quality-samples/sample2.jpg
webp	160	85	5794	0.00120153	./quality-samples/sample2.jpg
webp	160	90	7622	0.00080278	./quality-samples/sample2.jpg
webp	160	95	10440	0.00049852	./quality-samples/sample2.jpg
webp	160	100	15296	0.00035943	./quality-samples/sample2.jpg
jpeg	160	10	1712	0.0237785	./quality-samples/sample2.jpg
jpeg	160	15	2207	0.0149636	./quality-samples/sample2.jpg
jpeg	160	20	2616	0.01151866	./quality-samples/sample2.jpg
jpeg	160	25	3006	0.00842829	./quality-samples/sample2.jpg
jpeg	160	30	3342	0.00684513	./quality-samples/sample2.jpg
jpeg	160	35	3656	0.00557189	./quality-samples/sample2.jpg
jpeg	160	40	3929	0.00480385	./quality-samples/sample2.jpg
jpeg	160	45	4197	0.00422491	./quality-samples/sample2.jpg
jpeg	160	50	4435	0.0037274	./quality-samples/sample2.jpg
jpeg	160	55	4694	0.00344372	./quality-samples/sample2.jpg
jpeg	160	60	5010	0.00310719	./quality-samples/sample2.jpg
jpeg	160	65	5387	0.0026503	./quality-samples/sample2.jpg
jpeg	160	70	5860	0.00230446	./quality-samples/sample2.jpg
jpeg	160	75	6384	0.0018868	./quality-samples/sample2.jpg
jpeg	160	80	7274	0.00146952	./quality-samples/sample2.jpg
jpeg	160	85	8425	0.00110831	./quality-samples/sample2.jpg
jpeg	160	90	10455	0.00072679	./quality-samples/sample2.jpg
jpeg	160	95	14663	0.00038706	./quality-samples/sample2.jpg
jpeg	160	100	29100	0.00019713	./quality-samples/sample2.jpg
avif	160	10	751	0.02608225	./quality-samples/sample2.jpg
avif	160	15	896	0.02038405	./quality-samples/sample2.jpg
avif	160	20	1086	0.01506365	./quality-samples/sample2.jpg
avif	160	25	1255	0.01059288	./quality-samples/sample2.jpg
avif	160	30	1446	0.0085774	./quality-samples/sample2.jpg
avif	160	35	1669	0.00720109	./quality-samples/sample2.jpg
avif	160	40	1932	0.00520502	./quality-samples/sample2.jpg
avif	160	45	2240	0.00411295	./quality-samples/sample2.jpg
avif	160	50	2612	0.00322871	./quality-samples/sample2.jpg
avif	160	55	3190	0.002387	./quality-samples/sample2.jpg
avif	160	60	3713	0.00189376	./quality-samples/sample2.jpg
avif	160	65	4172	0.00158054	./quality-samples/sample2.jpg
avif	160	70	4606	0.00138836	./quality-samples/sample2.jpg
avif	160	75	5153	0.00125018	./quality-samples/sample2.jpg
avif	160	80	5902	0.00106451	./quality-samples/sample2.jpg
avif	160	85	7281	0.00088732	./quality-samples/sample2.jpg
avif	160	90	8982	0.00077312	./quality-samples/sample2.jpg
avif	160	95	12416	0.00068069	./quality-samples/sample2.jpg
avif	160	100	18483	0.00066353	./quality-samples/sample2.jpg
webp	320	10	5160	0.01323829	./quality-samples/sample0.jpg
webp	320	15	6036	0.0101374	./quality-samples/sample0.jpg
webp	320	20	6952	0.00915099	./quality-samples/sample0.jpg
webp	320	25	7804	0.00765308	./quality-samples/sample0.jpg
webp	320	30	8958	0.00619258	./quality-samples/sample0.jpg
webp	320	35	9506	0.00541594	./quality-samples/sample0.jpg
webp	320	40	10074	0.00503723	./quality-samples/sample0.jpg
webp	320	45	10792	0.00448808	./quality-samples/sample0.jpg
webp	320	50	11324	0.00417219	./quality-samples/sample0.jpg
webp	320	55	11960	0.00372181	./quality-samples/sample0.jpg
webp	320	60	12418	0.00374874	./quality-samples/sample0.jpg
webp	320	65	13194	0.00336373	./quality-samples/sample0.jpg
webp	320	70	14022	0.00315151	./quality-samples/sample0.jpg
webp	320	75	14664	0.00273105	./quality-samples/sample0.jpg
webp	320	80	17262	0.00203381	./quality-samples/sample0.jpg
webp	320	85	20192	0.00159272	./quality-samples/sample0.jpg
webp	320	90	24102	0.00119965	./quality-samples/sample0.jpg
webp	320	95	29620	0.00098258	./quality-samples/sample0.jpg
webp	320	100	37720	0.00079252	./quality-samples/sample0.jpg
jpeg	320	10	3821	0.02442985	./quality-samples/sample0.jpg
jpeg	320	15	5170	0.016411	./quality-samples/sample0.jpg
jpeg	320	20	6292	0.01244874	./quality-samples/sample0.jpg
jpeg	320	25	7333	0.00974097	./quality-samples/sample0.jpg
jpeg	320	30	8302	0.00808736	./quality-samples/sample0.jpg
jpeg	320	35	9163	0.00719504	./quality-samples/sample0.jpg
jpeg	320	40	9884	0.00650992	./quality-samples/sample0.jpg
jpeg	320	45	10691	0.00572059	./quality-samples/sample0.jpg
jpeg	320	50	11413	0.0052091	./quality-samples/sample0.jpg
jpeg	320	55	12131	0.00478198	./quality-samples/sample0.jpg
jpeg	320	60	13024	0.00431461	./quality-samples/sample0.jpg
jpeg	320	65	14123	0.00383476	./quality-samples/sample0.jpg
jpeg	320	70	15465	0.00332233	./quality-samples/sample0.jpg
jpeg	320	75	17053	0.00283946	./quality-samples/sample0.jpg
jpeg	320	80	19384	0.00228138	./quality-samples/sample0.jpg
jpeg	320	85	22478	0.00168925	./quality-samples/sample0.jpg
jpeg	320	90	27547	0.00119693	./quality-samples/sample0.jpg
jpeg	320	95	37226	0.00077406	./quality-samples/sample0.jpg
jpeg	320	100	62814	0.00063418	./quality-samples/sample0.jpg
avif	320	10	1846	0.03172342	./quality-samples/sample0.jpg
avif	320	15	2595	0.0224352	./quality-samples/sample0.jpg
avif	320	20	3689	0.01454999	./quality-samples/sample0.jpg
avif	320	25	4518	0.010601	./quality-samples/sample0.jpg
avif	320	30	5607	0.00796609	./quality-samples/sample0.jpg
avif	320	35	6631	0.0061949	./quality-samples/sample0.jpg
avif	320	40	7937	0.00473083	./quality-samples/sample0.jpg
avif	320	45	9302	0.00384136	./quality-samples/sample0.jpg
avif	320	50	10827	0.00306384	./quality-samples/sample0.jpg
avif	320	55	13193	0.00241355	./quality-samples/sample0.jpg
avif	320	60	15051	0.00202707	./quality-samples/sample0.jpg
avif	320	65	16690	0.00182017	./quality-samples/sample0.jpg
avif	320	70	18159	0.00162168	./quality-samples/sample0.jpg
avif	320	75	19882	0.00147874	./quality-samples/sample0.jpg
avif	320	80	22089	0.00137132	./quality-samples/sample0.jpg
avif	320	85	25927	0.00120009	./quality-samples/sample0.jpg
avif	320	90	30652	0.00112155	./quality-samples/sample0.jpg
avif	320	95	38257	0.00109175	./quality-samples/sample0.jpg
avif	320	100	49196	0.00109744	./quality-samples/sample0.jpg
webp	320	10	10286	0.01680858	./quality-samples/sample1.jpg
webp	320	15	12064	0.01423607	./quality-samples/sample1.jpg
webp	320	20	14056	0.01032527	./quality-samples/sample1.jpg
webp	320	25	16056	0.00913226	./quality-samples/sample1.jpg
webp	320	30	18550	0.00688852	./quality-samples/sample1.jpg
webp	320	35	19958	0.0061867	./quality-samples/sample1.jpg
webp	320	40	21328	0.00557294	./quality-samples/sample1.jpg
webp	320	45	23100	0.00480069	./quality-samples/sample1.jpg
webp	320	50	24664	0.00431726	./quality-samples/sample1.jpg
webp	320	55	25900	0.00397821	./quality-samples/sample1.jpg
webp	320	60	28020	0.00345473	./quality-samples/sample1.jpg
webp	320	65	30376	0.00301387	./quality-samples/sample1.jpg
webp	320	70	32084	0.0027154	./quality-samples/sample1.jpg
webp	320	75	33982	0.00242508	./quality-samples/sample1.jpg
webp	320	80	42346	0.00163592	./quality-samples/sample1.jpg
webp	320	85	50518	0.00112605	./quality-samples/sample1.jpg
webp	320	90	62826	0.00067847	./quality-samples/sample1.jpg
webp	320	95	83198	0.00036691	./quality-samples/sample1.jpg
webp	320	100	109578	0.0002381	./quality-samples/sample1.jpg
jpeg	320	10	8194	0.02832567	./quality-samples/sample1.jpg
jpeg	320	15	11495	0.01710126	./quality-samples/sample1.jpg
jpeg	320	20	14216	0.01208188	./quality-samples/sample1.jpg
jpeg	320	25	16796	0.00923967	./quality-samples/sample1.jpg
jpeg	320	30	19093	0.00745983	./quality-samples/sample1.jpg
jpeg	320	35	21200	0.00631229	./quality-samples/sample1.jpg
jpeg	320	40	22934	0.00542859	./quality-samples/sample1.jpg
jpeg	320	45	24811	0.00483135	./quality-samples/sample1.jpg
jpeg	320	50	26495	0.00438185	./quality-samples/sample1.jpg
jpeg	320	55	28166	0.00386465	./quality-samples/sample1.jpg
jpeg	320	60	30249	0.00343608	./quality-samples/sample1.jpg
jpeg	320	65	32833	0.00297436	./quality-samples/sample1.jpg
jpeg	320	70	36201	0.0025491	./quality-samples/sample1.jpg
jpeg	320	75	39877	0.00212398	./quality-samples/sample1.jpg
jpeg	320	80	45639	0.00167524	./quality-samples/sample1.jpg
jpeg	320	85	53534	0.00121094	./quality-samples/sample1.jpg
jpeg	320	90	66602	0.00075999	./quality-samples/sample1.jpg
jpeg	320	95	93147	0.0003604	./quality-samples/sample1.jpg
jpeg	320	100	158994	0.00015291	./quality-samples/sample1.jpg
avif	320	10	3605	0.0428539	./quality-samples/sample1.jpg
avif	320	15	4842	0.03203142	./quality-samples/sample1.jpg
avif	320	20	6549	0.02278259	./quality-samples/sample1.jpg
avif	320	25	8251	0.01738971	./quality-samples/sample1.jpg
avif	320	30	10318	0.01277404	./quality-samples/sample1.jpg
avif	320	35	12906	0.00971776	./quality-samples/sample1.jpg
avif	320	40	15966	0.0069584	./quality-samples/sample1.jpg
avif	320	45	19735	0.00511085	./quality-samples/sample1.jpg
avif	320	50	23821	0.00380893	./quality-samples/sample1.jpg
avif	320	55	30048	0.00261305	./quality-samples/sample1.jpg
avif	320	60	35246	0.00196178	./quality-samples/sample1.jpg
avif	320	65	40239	0.00159046	./quality-samples/sample1.jpg
avif	320	70	44822	0.00134998	./quality-samples/sample1.jpg
avif	320	75	50341	0.00110788	./quality-samples/sample1.jpg
avif	320	80	57386	0.00091824	./quality-samples/sample1.jpg
avif	320	85	70247	0.00072105	./quality-samples/sample1.jpg
avif	320	90	85113	0.00060739	./quality-samples/sample1.jpg
avif	320	95	107388	0.00054309	./quality-samples/sample1.jpg
avif	320	100	135350	0.00051201	./quality-samples/sample1.jpg
webp	320	10	3574	0.01294132	./quality-samples/sample2.jpg
webp	320	15	4026	0.01102801	./quality-samples/sample2.jpg
webp	320	20	4504	0.00950746	./quality-samples/sample2.jpg
webp	320	25	4908	0.00824875	./quality-samples/sample2.jpg
webp	320	30	5510	0.00736334	./quality-samples/sample2.jpg
webp	320	35	6056	0.0066974	./quality-samples/sample2.jpg
webp	320	40	6688	0.0059621	./quality-samples/sample2.jpg
webp	320	45	7110	0.00559595	./quality-samples/sample2.jpg
webp	320	50	7552	0.00470015	./quality-samples/sample2.jpg
webp	320	55	8078	0.00413083	./quality-samples/sample2.jpg
webp	320	60	8542	0.0040051	./quality-samples/sample2.jpg
webp	320	65	9154	0.00336859	./quality-samples/sample2.jpg
webp	320	70	9786	0.00308111	./quality-samples/sample2.jpg
webp	320	75	10386	0.002793	./quality-samples/sample2.jpg
webp	320	80	12842	0.00203716	./quality-samples/sample2.jpg
webp	320	85	16316	0.00163375	./quality-samples/sample2.jpg
webp	320	90	21744	0.00096137	./quality-samples/sample2.jpg
webp	320	95	33186	0.00051647	./quality-samples/sample2.jpg
webp	320	100	48540	0.00035787	./quality-samples/sample2.jpg
jpeg	320	10	4133	0.02369848	./quality-samples/sample2.jpg
jpeg	320	15	5489	0.01562669	./quality-samples/sample2.jpg
jpeg	320	20	6641	0.01113988	./quality-samples/sample2.jpg
jpeg	320	25	7728	0.00854353	./quality-samples/sample2.jpg
jpeg	320	30	8712	0.00665459	./quality-samples/sample2.jpg
jpeg	320	35	9645	0.00534092	./quality-samples/sample2.jpg
jpeg	320	40	10422	0.0046187	./quality-samples/sample2.jpg
jpeg	320	45	11332	0.00402282	./quality-samples/sample2.jpg
jpeg	320	50	12094	0.00358075	./quality-samples/sample2.jpg
jpeg	320	55	12867	0.00323808	./quality-samples/sample2.jpg
jpeg	320	60	13839	0.00286471	./quality-samples/sample2.jpg
jpeg	320	65	15080	0.00249674	./quality-samples/sample2.jpg
jpeg	320	70	16648	0.00211751	./quality-samples/sample2.jpg
jpeg	320	75	18358	0.0017301	./quality-samples/sample2.jpg
jpeg	320	80	21070	0.0013779	./quality-samples/sample2.jpg
jpeg	320	85	24906	0.00101245	./quality-samples/sample2.jpg
jpeg	320	90	31532	0.00064692	./quality-samples/sample2.jpg
jpeg	320	95	46165	0.00034486	./quality-samples/sample2.jpg
jpeg	320	100	100049	0.00014592	./quality-samples/sample2.jpg
avif	320	10	1355	0.02661393	./quality-samples/sample2.jpg
avif	320	15	1604	0.01918878	./quality-samples/sample2.jpg
avif	320	20	1993	0.01436724	./quality-samples/sample2.jpg
avif	320	25	2349	0.01114366	./quality-samples/sample2.jpg
avif	320	30	2759	0.00901644	./quality-samples/sample2.jpg
avif	320	35	3418	0.00708073	./quality-samples/sample2.jpg
avif	320	40	3941	0.00550151	./quality-samples/sample2.jpg
avif	320	45	4762	0.00448789	./quality-samples/sample2.jpg
avif	320	50	5682	0.00345337	./quality-samples/sample2.jpg
avif	320	55	7307	0.00261705	./quality-samples/sample2.jpg
avif	320	60	8722	0.00208908	./quality-samples/sample2.jpg
avif	320	65	10097	0.0017479	./quality-samples/sample2.jpg
avif	320	70	11295	0.00149024	./quality-samples/sample2.jpg
avif	320	75	12861	0.00124894	./quality-samples/sample2.jpg
avif	320	80	14928	0.00106508	./quality-samples/sample2.jpg
avif	320	85	19288	0.00082712	./quality-samples/sample2.jpg
avif	320	90	25465	0.00065043	./quality-samples/sample2.jpg
avif	320	95	38458	0.00051796	./quality-samples/sample2.jpg
avif	320	100	64079	0.00045635	./quality-samples/sample2.jpg
webp	320	10	11630	0.01922997	./quality-samples/sample3.jpg
webp	320	15	13852	0.01569467	./quality-samples/sample3.jpg
webp	320	20	15704	0.01154358	./quality-samples/sample3.jpg
webp	320	25	18284	0.00933648	./quality-samples/sample3.jpg
webp	320	30	20494	0.00833627	./quality-samples/sample3.jpg
webp	320	35	22248	0.0073156	./quality-samples/sample3.jpg
webp	320	40	23536	0.00666147	./quality-samples/sample3.jpg
webp	320	45	25380	0.00586415	./quality-samples/sample3.jpg
webp	320	50	26860	0.00533792	./quality-samples/sample3.jpg
webp	320	55	28732	0.0046734	./quality-samples/sample3.jpg
webp	320	60	30082	0.00468027	./quality-samples/sample3.jpg
webp	320	65	32168	0.00425337	./quality-samples/sample3.jpg
webp	320	70	33894	0.00382445	./quality-samples/sample3.jpg
webp	320	75	36270	0.00340811	./quality-samples/sample3.jpg
webp	320	80	43120	0.00223717	./quality-samples/sample3.jpg
webp	320	85	51612	0.00158324	./quality-samples/sample3.jpg
webp	320	90	63378	0.00108235	./quality-samples/sample3.jpg
webp	320	95	79980	0.00078683	./quality-samples/sample3.jpg
webp	320	100	102294	0.00060083	./quality-samples/sample3.jpg
jpeg	320	10	8884	0.02888131	./quality-samples/sample3.jpg
jpeg	320	15	12233	0.0185571	./quality-samples/sample3.jpg
jpeg	320	20	15189	0.01332618	./quality-samples/sample3.jpg
jpeg	320	25	17906	0.01060193	./quality-samples/sample3.jpg
jpeg	320	30	20198	0.008676	./quality-samples/sample3.jpg
jpeg	320	35	22372	0.00752719	./quality-samples/sample3.jpg
jpeg	320	40	24194	0.0066726	./quality-samples/sample3.jpg
jpeg	320	45	26172	0.00591205	./quality-samples/sample3.jpg
jpeg	320	50	27948	0.00532609	./quality-samples/sample3.jpg
jpeg	320	55	29782	0.00486696	./quality-samples/sample3.jpg
jpeg	320	60	32014	0.00442718	./quality-samples/sample3.jpg
jpeg	320	65	34822	0.00389746	./quality-samples/sample3.jpg
jpeg	320	70	38200	0.00336132	./quality-samples/sample3.jpg
jpeg	320	75	42089	0.00285955	./quality-samples/sample3.jpg
jpeg	320	80	48078	0.00230814	./quality-samples/sample3.jpg
jpeg	320	85	56437	0.00169944	./quality-samples/sample3.jpg
jpeg	320	90	69873	0.00114691	./quality-samples/sample3.jpg
jpeg	320	95	96295	0.00066074	./quality-samples/sample3.jpg
jpeg	320	100	163183	0.00045605	./quality-samples/sample3.jpg
avif	320	10	3817	0.04630115	./quality-samples/sample3.jpg
avif	320	15	5237	0.03306793	./quality-samples/sample3.jpg
avif	320	20	7350	0.02280918	./quality-samples/sample3.jpg
avif	320	25	9315	0.01703856	./quality-samples/sample3.jpg
avif	320	30	11502	0.01325046	./quality-samples/sample3.jpg
avif	320	35	14267	0.00975991	./quality-samples/sample3.jpg
avif	320	40	17625	0.0074304	./quality-samples/sample3.jpg
avif	320	45	21593	0.00564976	./quality-samples/sample3.jpg
avif	320	50	25948	0.00445116	./quality-samples/sample3.jpg
avif	320	55	32476	0.00332543	./quality-samples/sample3.jpg
avif	320	60	38084	0.00272463	./quality-samples/sample3.jpg
avif	320	65	43131	0.00236279	./quality-samples/sample3.jpg
avif	320	70	47652	0.00211906	./quality-samples/sample3.jpg
avif	320	75	52893	0.00193136	./quality-samples/sample3.jpg
avif	320	80	59641	0.00179351	./quality-samples/sample3.jpg
avif	320	85	71472	0.00160641	./quality-samples/sample3.jpg
avif	320	90	85229	0.00152697	./quality-samples/sample3.jpg
avif	320	95	106625	0.00147323	./quality-samples/sample3.jpg
avif	320	100	134511	0.00145533	./quality-samples/sample3.jpg
webp	640	10	17398	0.01347267	./quality-samples/sample0.jpg
webp	640	15	20096	0.01033776	./quality-samples/sample0.jpg
webp	640	20	22690	0.00871433	./quality-samples/sample0.jpg
webp	640	25	25406	0.00749724	./quality-samples/sample0.jpg
webp	640	30	28492	0.00638546	./quality-samples/sample0.jpg
webp	640	35	31544	0.00578486	./quality-samples/sample0.jpg
webp	640	40	33616	0.00496582	./quality-samples/sample0.jpg
webp	640	45	35402	0.00466521	./quality-samples/sample0.jpg
webp	640	50	37684	0.00423249	./quality-samples/sample0.jpg
webp	640	55	39440	0.00387978	./quality-samples/sample0.jpg
webp	640	60	41370	0.00358706	./quality-samples/sample0.jpg
webp	640	65	42978	0.00337041	./quality-samples/sample0.jpg
webp	640	70	45544	0.00318068	./quality-samples/sample0.jpg
webp	640	75	48450	0.00289562	./quality-samples/sample0.jpg
webp	640	80	56458	0.00211259	./quality-samples/sample0.jpg
webp	640	85	65198	0.00184399	./quality-samples/sample0.jpg
webp	640	90	79106	0.00126907	./quality-samples/sample0.jpg
webp	640	95	99822	0.00097753	./quality-samples/sample0.jpg
webp	640	100	132822	0.0008134	./quality-samples/sample0.jpg
jpeg	640	10	12788	0.02807816	./quality-samples/sample0.jpg
jpeg	640	15	17443	0.0181339	./quality-samples/sample0.jpg
jpeg	640	20	21354	0.01341518	./quality-samples/sample0.jpg
jpeg	640	25	25123	0.01061711	./quality-samples/sample0.jpg
jpeg	640	30	28542	0.0088446	./quality-samples/sample0.jpg
jpeg	640	35	31636	0.00770326	./quality-samples/sample0.jpg
jpeg	640	40	34216	0.00684066	./quality-samples/sample0.jpg
jpeg	640	45	37004	0.00607614	./quality-samples/sample0.jpg
jpeg	640	50	39487	0.00550921	./quality-samples/sample0.jpg
jpeg	640	55	42077	0.0049796	./quality-samples/sample0.jpg
jpeg	640	60	45202	0.00449138	./quality-samples/sample0.jpg
jpeg	640	65	49090	0.00392312	./quality-samples/sample0.jpg
jpeg	640	70	53700	0.0033982	./quality-samples/sample0.jpg
jpeg	640	75	58984	0.00289463	./quality-samples/sample0.jpg
jpeg	640	80	66928	0.00230395	./quality-samples/sample0.jpg
jpeg	640	85	77818	0.00174454	./quality-samples/sample0.jpg
jpeg	640	90	95461	0.00120675	./quality-samples/sample0.jpg
jpeg	640	95	129800	0.00082426	./quality-samples/sample0.jpg
jpeg	640	100	229091	0.00066624	./quality-samples/sample0.jpg
avif	640	10	6380	0.03354243	./quality-samples/sample0.jpg
avif	640	15	8724	0.02312712	./quality-samples/sample0.jpg
avif	640	20	12238	0.01520267	./quality-samples/sample0.jpg
avif	640	25	15259	0.01102232	./quality-samples/sample0.jpg
avif	640	30	18592	0.00829467	./quality-samples/sample0.jpg
avif	640	35	22058	0.00641501	./quality-samples/sample0.jpg
avif	640	40	26046	0.00497495	./quality-samples/sample0.jpg
avif	640	45	30525	0.00387336	./quality-samples/sample0.jpg
avif	640	50	35271	0.00320211	./quality-samples/sample0.jpg
avif	640	55	42361	0.00251145	./quality-samples/sample0.jpg
avif	640	60	48207	0.00210463	./quality-samples/sample0.jpg
avif	640	65	53443	0.0018627	./quality-samples/sample0.jpg
avif	640	70	58279	0.00169851	./quality-samples/sample0.jpg
avif	640	75	63826	0.00155809	./quality-samples/sample0.jpg
avif	640	80	70903	0.00141408	./quality-samples/sample0.jpg
avif	640	85	84258	0.001242	./quality-samples/sample0.jpg
avif	640	90	100891	0.00112907	./quality-samples/sample0.jpg
avif	640	95	131015	0.00107608	./quality-samples/sample0.jpg
avif	640	100	175319	0.00108673	./quality-samples/sample0.jpg
webp	640	10	30646	0.01732102	./quality-samples/sample1.jpg
webp	640	15	35572	0.01429169	./quality-samples/sample1.jpg
webp	640	20	41290	0.01187744	./quality-samples/sample1.jpg
webp	640	25	47020	0.00986747	./quality-samples/sample1.jpg
webp	640	30	54570	0.00820659	./quality-samples/sample1.jpg
webp	640	35	58436	0.00663139	./quality-samples/sample1.jpg
webp	640	40	62386	0.00601368	./quality-samples/sample1.jpg
webp	640	45	67786	0.00522054	./quality-samples/sample1.jpg
webp	640	50	72216	0.00506601	./quality-samples/sample1.jpg
webp	640	55	77460	0.00451744	./quality-samples/sample1.jpg
webp	640	60	82214	0.00404117	./quality-samples/sample1.jpg
webp	640	65	88552	0.00326596	./quality-samples/sample1.jpg
webp	640	70	92996	0.00296653	./quality-samples/sample1.jpg
webp	640	75	101646	0.00255433	./quality-samples/sample1.jpg
webp	640	80	123138	0.00188257	./quality-samples/sample1.jpg
webp	640	85	156290	0.00122338	./quality-samples/sample1.jpg
webp	640	90	201562	0.00074236	./quality-samples/sample1.jpg
webp	640	95	281402	0.00039239	./quality-samples/sample1.jpg
webp	640	100	384920	0.00023122	./quality-samples/sample1.jpg
jpeg	640	10	26527	0.02819987	./quality-samples/sample1.jpg
jpeg	640	15	37556	0.01669554	./quality-samples/sample1.jpg
jpeg	640	20	47012	0.01160037	./quality-samples/sample1.jpg
jpeg	640	25	55434	0.00871275	./quality-samples/sample1.jpg
jpeg	640	30	63259	0.00692082	./quality-samples/sample1.jpg
jpeg	640	35	70564	0.00581258	./quality-samples/sample1.jpg
jpeg	640	40	76504	0.00500268	./quality-samples/sample1.jpg
jpeg	640	45	83080	0.00436096	./quality-samples/sample1.jpg
jpeg	640	50	88664	0.00386981	./quality-samples/sample1.jpg
jpeg	640	55	94496	0.00343511	./quality-samples/sample1.jpg
jpeg	640	60	101486	0.0030592	./quality-samples/sample1.jpg
jpeg	640	65	110118	0.00264617	./quality-samples/sample1.jpg
jpeg	640	70	120467	0.00224116	./quality-samples/sample1.jpg
jpeg	640	75	132695	0.00187804	./quality-samples/sample1.jpg
jpeg	640	80	151796	0.00147662	./quality-samples/sample1.jpg
jpeg	640	85	178109	0.00109601	./quality-samples/sample1.jpg
jpeg	640	90	222850	0.00071375	./quality-samples/sample1.jpg
jpeg	640	95	319414	0.00035687	./quality-samples/sample1.jpg
jpeg	640	100	585068	0.00013379	./quality-samples/sample1.jpg
avif	640	10	9288	0.04445689	./quality-samples/sample1.jpg
avif	640	15	12522	0.03296798	./quality-samples/sample1.jpg
avif	640	20	17502	0.02295222	./quality-samples/sample1.jpg
avif	640	25	21994	0.01746867	./quality-samples/sample1.jpg
avif	640	30	27704	0.01313171	./quality-samples/sample1.jpg
avif	640	35	34432	0.00990499	./quality-samples/sample1.jpg
avif	640	40	42773	0.00726331	./quality-samples/sample1.jpg
avif	640	45	52750	0.00546733	./quality-samples/sample1.jpg
avif	640	50	64098	0.00405254	./quality-samples/sample1.jpg
avif	640	55	82149	0.00279425	./quality-samples/sample1.jpg
avif	640	60	98863	0.00211414	./quality-samples/sample1.jpg
avif	640	65	114864	0.00168499	./quality-samples/sample1.jpg
avif	640	70	130328	0.00141238	./quality-samples/sample1.jpg
avif	640	75	149073	0.00116127	./quality-samples/sample1.jpg
avif	640	80	174778	0.00093655	./quality-samples/sample1.jpg
avif	640	85	223976	0.00069136	./quality-samples/sample1.jpg
avif	640	90	283153	0.00054162	./quality-samples/sample1.jpg
avif	640	95	371138	0.00045833	./quality-samples/sample1.jpg
avif	640	100	479972	0.00041983	./quality-samples/sample1.jpg
webp	640	10	9374	0.01618566	./quality-samples/sample2.jpg
webp	640	15	10798	0.01360713	./quality-samples/sample2.jpg
webp	640	20	12076	0.0121944	./quality-samples/sample2.jpg
webp	640	25	13750	0.01049604	./quality-samples/sample2.jpg
webp	640	30	15336	0.0093465	./quality-samples/sample2.jpg
webp	640	35	16802	0.00847237	./quality-samples/sample2.jpg
webp	640	40	18456	0.00727792	./quality-samples/sample2.jpg
webp	640	45	20326	0.00661031	./quality-samples/sample2.jpg
webp	640	50	21686	0.0062227	./quality-samples/sample2.jpg
webp	640	55	23162	0.00571286	./quality-samples/sample2.jpg
webp	640	60	24662	0.00500538	./quality-samples/sample2.jpg
webp	640	65	26136	0.00471634	./quality-samples/sample2.jpg
webp	640	70	28324	0.00420804	./quality-samples/sample2.jpg
webp	640	75	30360	0.00405459	./quality-samples/sample2.jpg
webp	640	80	38268	0.00299585	./quality-samples/sample2.jpg
webp	640	85	49682	0.00150441	./quality-samples/sample2.jpg
webp	640	90	67150	0.0010095	./quality-samples/sample2.jpg
webp	640	95	111264	0.00054148	./quality-samples/sample2.jpg
webp	640	100	166180	0.00036402	./quality-samples/sample2.jpg
jpeg	640	10	11551	0.02611347	./quality-samples/sample2.jpg
jpeg	640	15	16012	0.01640244	./quality-samples/sample2.jpg
jpeg	640	20	19811	0.01176206	./quality-samples/sample2.jpg
jpeg	640	25	23392	0.00878181	./quality-samples/sample2.jpg
jpeg	640	30	26586	0.00671476	./quality-samples/sample2.jpg
jpeg	640	35	29554	0.00534123	./quality-samples/sample2.jpg
jpeg	640	40	32038	0.00457385	./quality-samples/sample2.jpg
jpeg	640	45	34864	0.00386779	./quality-samples/sample2.jpg
jpeg	640	50	37360	0.00339794	./quality-samples/sample2.jpg
jpeg	640	55	39885	0.00303877	./quality-samples/sample2.jpg
jpeg	640	60	43200	0.00270251	./quality-samples/sample2.jpg
jpeg	640	65	47270	0.00232232	./quality-samples/sample2.jpg
jpeg	640	70	52195	0.00195138	./quality-samples/sample2.jpg
jpeg	640	75	57906	0.00157077	./quality-samples/sample2.jpg
jpeg	640	80	67059	0.00125285	./quality-samples/sample2.jpg
jpeg	640	85	80394	0.00092572	./quality-samples/sample2.jpg
jpeg	640	90	104098	0.00059353	./quality-samples/sample2.jpg
jpeg	640	95	156412	0.00031422	./quality-samples/sample2.jpg
jpeg	640	100	356152	0.00012082	./quality-samples/sample2.jpg
avif	640	10	2662	0.02538579	./quality-samples/sample2.jpg
avif	640	15	3366	0.01983433	./quality-samples/sample2.jpg
avif	640	20	4493	0.01488893	./quality-samples/sample2.jpg
avif	640	25	5415	0.01213618	./quality-samples/sample2.jpg
avif	640	30	6774	0.00952221	./quality-samples/sample2.jpg
avif	640	35	8165	0.00766806	./quality-samples/sample2.jpg
avif	640	40	10224	0.00602539	./quality-samples/sample2.jpg
avif	640	45	12357	0.00471571	./quality-samples/sample2.jpg
avif	640	50	15062	0.00368942	./quality-samples/sample2.jpg
avif	640	55	19280	0.00271893	./quality-samples/sample2.jpg
avif	640	60	23197	0.00216709	./quality-samples/sample2.jpg
avif	640	65	27037	0.00178924	./quality-samples/sample2.jpg
avif	640	70	30733	0.00154042	./quality-samples/sample2.jpg
avif	640	75	35268	0.00131664	./quality-samples/sample2.jpg
avif	640	80	41722	0.0010749	./quality-samples/sample2.jpg
avif	640	85	56295	0.00078967	./quality-samples/sample2.jpg
avif	640	90	79054	0.00056952	./quality-samples/sample2.jpg
avif	640	95	129767	0.00038981	./quality-samples/sample2.jpg
avif	640	100	228265	0.00030695	./quality-samples/sample2.jpg
webp	640	10	33462	0.01985393	./quality-samples/sample3.jpg
webp	640	15	39238	0.01622811	./quality-samples/sample3.jpg
webp	640	20	44830	0.01375419	./quality-samples/sample3.jpg
webp	640	25	50708	0.01156912	./quality-samples/sample3.jpg
webp	640	30	56672	0.0101413	./quality-samples/sample3.jpg
webp	640	35	62704	0.00869582	./quality-samples/sample3.jpg
webp	640	40	66964	0.00782947	./quality-samples/sample3.jpg
webp	640	45	70688	0.00719566	./quality-samples/sample3.jpg
webp	640	50	76590	0.0059808	./quality-samples/sample3.jpg
webp	640	55	79930	0.00563661	./quality-samples/sample3.jpg
webp	640	60	85078	0.00504596	./quality-samples/sample3.jpg
webp	640	65	91616	0.00441984	./quality-samples/sample3.jpg
webp	640	70	96032	0.00441217	./quality-samples/sample3.jpg
webp	640	75	103988	0.00384494	./quality-samples/sample3.jpg
webp	640	80	123058	0.00254759	./quality-samples/sample3.jpg
webp	640	85	148018	0.00167975	./quality-samples/sample3.jpg
webp	640	90	194864	0.00101984	./quality-samples/sample3.jpg
webp	640	95	254974	0.00068148	./quality-samples/sample3.jpg
webp	640	100	343472	0.00046796	./quality-samples/sample3.jpg
jpeg	640	10	28462	0.03018303	./quality-samples/sample3.jpg
jpeg	640	15	39432	0.01841874	./quality-samples/sample3.jpg
jpeg	640	20	49039	0.01326933	./quality-samples/sample3.jpg
jpeg	640	25	57616	0.0102554	./quality-samples/sample3.jpg
jpeg	640	30	65349	0.00833581	./quality-samples/sample3.jpg
jpeg	640	35	72619	0.00708511	./quality-samples/sample3.jpg
jpeg	640	40	78522	0.00617938	./quality-samples/sample3.jpg
jpeg	640	45	84862	0.00544385	./quality-samples/sample3.jpg
jpeg	640	50	90501	0.0049276	./quality-samples/sample3.jpg
jpeg	640	55	96298	0.00442663	./quality-samples/sample3.jpg
jpeg	640	60	103489	0.00395138	./quality-samples/sample3.jpg
jpeg	640	65	112311	0.00344863	./quality-samples/sample3.jpg
jpeg	640	70	123162	0.00299484	./quality-samples/sample3.jpg
jpeg	640	75	135334	0.00252863	./quality-samples/sample3.jpg
jpeg	640	80	154518	0.00201119	./quality-samples/sample3.jpg
jpeg	640	85	180914	0.00151417	./quality-samples/sample3.jpg
jpeg	640	90	225006	0.00101943	./quality-samples/sample3.jpg
jpeg	640	95	315449	0.00056544	./quality-samples/sample3.jpg
jpeg	640	100	581591	0.00032195	./quality-samples/sample3.jpg
avif	640	10	10359	0.04371331	./quality-samples/sample3.jpg
avif	640	15	13871	0.03211841	./quality-samples/sample3.jpg
avif	640	20	19154	0.02272321	./quality-samples/sample3.jpg
avif	640	25	23991	0.0172376	./quality-samples/sample3.jpg
avif	640	30	29734	0.01326314	./quality-samples/sample3.jpg
avif	640	35	36516	0.01017594	./quality-samples/sample3.jpg
avif	640	40	44997	0.0077798	./quality-samples/sample3.jpg
avif	640	45	55162	0.00598371	./quality-samples/sample3.jpg
avif	640	50	66506	0.00464434	./quality-samples/sample3.jpg
avif	640	55	84272	0.00345736	./quality-samples/sample3.jpg
avif	640	60	100051	0.00277457	./quality-samples/sample3.jpg
avif	640	65	114618	0.00237779	./quality-samples/sample3.jpg
avif	640	70	128338	0.00209316	./quality-samples/sample3.jpg
avif	640	75	143938	0.00186666	./quality-samples/sample3.jpg
avif	640	80	165393	0.00165802	./quality-samples/sample3.jpg
avif	640	85	205448	0.00143408	./quality-samples/sample3.jpg
avif	640	90	254971	0.00130164	./quality-samples/sample3.jpg
avif	640	95	337439	0.00123623	./quality-samples/sample3.jpg
avif	640	100	447318	0.00120568	./quality-samples/sample3.jpg
webp	1280	10	55382	0.0120401	./quality-samples/sample0.jpg
webp	1280	15	62508	0.01011332	./quality-samples/sample0.jpg
webp	1280	20	69752	0.0086861	./quality-samples/sample0.jpg
webp	1280	25	77332	0.00756181	./quality-samples/sample0.jpg
webp	1280	30	84662	0.00668827	./quality-samples/sample0.jpg
webp	1280	35	93998	0.00591697	./quality-samples/sample0.jpg
webp	1280	40	102722	0.00477965	./quality-samples/sample0.jpg
webp	1280	45	107526	0.00443614	./quality-samples/sample0.jpg
webp	1280	50	114110	0.00401898	./quality-samples/sample0.jpg
webp	1280	55	119840	0.00371745	./quality-samples/sample0.jpg
webp	1280	60	124636	0.00346666	./quality-samples/sample0.jpg
webp	1280	65	131484	0.00328519	./quality-samples/sample0.jpg
webp	1280	70	138334	0.00301634	./quality-samples/sample0.jpg
webp	1280	75	146826	0.00271656	./quality-samples/sample0.jpg
webp	1280	80	169900	0.00220774	./quality-samples/sample0.jpg
webp	1280	85	201216	0.00163363	./quality-samples/sample0.jpg
webp	1280	90	244962	0.0012191	./quality-samples/sample0.jpg
webp	1280	95	328300	0.00090586	./quality-samples/sample0.jpg
webp	1280	100	456204	0.00071672	./quality-samples/sample0.jpg
jpeg	1280	10	46123	0.02780824	./quality-samples/sample0.jpg
jpeg	1280	15	61725	0.01729697	./quality-samples/sample0.jpg
jpeg	1280	20	74942	0.01254232	./quality-samples/sample0.jpg
jpeg	1280	25	86971	0.00973468	./quality-samples/sample0.jpg
jpeg	1280	30	97952	0.00797903	./quality-samples/sample0.jpg
jpeg	1280	35	108236	0.00677103	./quality-samples/sample0.jpg
jpeg	1280	40	116581	0.00597283	./quality-samples/sample0.jpg
jpeg	1280	45	125784	0.00525464	./quality-samples/sample0.jpg
jpeg	1280	50	133723	0.00472058	./quality-samples/sample0.jpg
jpeg	1280	55	142032	0.00424616	./quality-samples/sample0.jpg
jpeg	1280	60	152031	0.0038248	./quality-samples/sample0.jpg
jpeg	1280	65	164426	0.00333713	./quality-samples/sample0.jpg
jpeg	1280	70	179391	0.00287861	./quality-samples/sample0.jpg
jpeg	1280	75	196629	0.00243262	./quality-samples/sample0.jpg
jpeg	1280	80	223074	0.00194085	./quality-samples/sample0.jpg
jpeg	1280	85	259090	0.00148306	./quality-samples/sample0.jpg
jpeg	1280	90	319389	0.00105033	./quality-samples/sample0.jpg
jpeg	1280	95	441439	0.00070536	./quality-samples/sample0.jpg
jpeg	1280	100	829633	0.00054125	./quality-samples/sample0.jpg
avif	1280	10	21616	0.03014725	./quality-samples/sample0.jpg
avif	1280	15	28642	0.02074277	./quality-samples/sample0.jpg
avif	1280	20	38373	0.01371416	./quality-samples/sample0.jpg
avif	1280	25	46367	0.01021675	./quality-samples/sample0.jpg
avif	1280	30	55458	0.00773717	./quality-samples/sample0.jpg
avif	1280	35	65010	0.006018	./quality-samples/sample0.jpg
avif	1280	40	76333	0.00472171	./quality-samples/sample0.jpg
avif	1280	45	88809	0.0037868	./quality-samples/sample0.jpg
avif	1280	50	102880	0.00311597	./quality-samples/sample0.jpg
avif	1280	55	124013	0.00244413	./quality-samples/sample0.jpg
avif	1280	60	142022	0.00209673	./quality-samples/sample0.jpg
avif	1280	65	158807	0.00183802	./quality-samples/sample0.jpg
avif	1280	70	174111	0.00165038	./quality-samples/sample0.jpg
avif	1280	75	192271	0.00148588	./quality-samples/sample0.jpg
avif	1280	80	216659	0.00130827	./quality-samples/sample0.jpg
avif	1280	85	263894	0.00109258	./quality-samples/sample0.jpg
avif	1280	90	327437	0.00094448	./quality-samples/sample0.jpg
avif	1280	95	447684	0.00084559	./quality-samples/sample0.jpg
avif	1280	100	620566	0.00084155	./quality-samples/sample0.jpg
webp	1280	10	85368	0.01742448	./quality-samples/sample1.jpg
webp	1280	15	99470	0.01401914	./quality-samples/sample1.jpg
webp	1280	20	113524	0.01174108	./quality-samples/sample1.jpg
webp	1280	25	127820	0.00987926	./quality-samples/sample1.jpg
webp	1280	30	148292	0.00823506	./quality-samples/sample1.jpg
webp	1280	35	158526	0.00752464	./quality-samples/sample1.jpg
webp	1280	40	168900	0.00703476	./quality-samples/sample1.jpg
webp	1280	45	183660	0.00623556	./quality-samples/sample1.jpg
webp	1280	50	196300	0.0057368	./quality-samples/sample1.jpg
webp	1280	55	210288	0.0050915	./quality-samples/sample1.jpg
webp	1280	60	223798	0.00467917	./quality-samples/sample1.jpg
webp	1280	65	241360	0.00421957	./quality-samples/sample1.jpg
webp	1280	70	263440	0.00379061	./quality-samples/sample1.jpg
webp	1280	75	280286	0.00355307	./quality-samples/sample1.jpg
webp	1280	80	363784	0.00223355	./quality-samples/sample1.jpg
webp	1280	85	477048	0.00144605	./quality-samples/sample1.jpg
webp	1280	90	670058	0.00081513	./quality-samples/sample1.jpg
webp	1280	95	999098	0.00037905	./quality-samples/sample1.jpg
webp	1280	100	1341604	0.0002222	./quality-samples/sample1.jpg
jpeg	1280	10	81310	0.02875921	./quality-samples/sample1.jpg
jpeg	1280	15	113121	0.01722014	./quality-samples/sample1.jpg
jpeg	1280	20	141670	0.01182061	./quality-samples/sample1.jpg
jpeg	1280	25	169357	0.00872644	./quality-samples/sample1.jpg
jpeg	1280	30	193746	0.00692989	./quality-samples/sample1.jpg
jpeg	1280	35	217858	0.00572307	./quality-samples/sample1.jpg
jpeg	1280	40	237545	0.00493392	./quality-samples/sample1.jpg
jpeg	1280	45	260077	0.00428422	./quality-samples/sample1.jpg
jpeg	1280	50	279346	0.0037636	./quality-samples/sample1.jpg
jpeg	1280	55	299695	0.00335178	./quality-samples/sample1.jpg
jpeg	1280	60	323837	0.00297922	./quality-samples/sample1.jpg
jpeg	1280	65	354516	0.00254058	./quality-samples/sample1.jpg
jpeg	1280	70	391444	0.00214432	./quality-samples/sample1.jpg
jpeg	1280	75	432428	0.00179108	./quality-samples/sample1.jpg
jpeg	1280	80	496743	0.00141583	./quality-samples/sample1.jpg
jpeg	1280	85	587916	0.0010609	./quality-samples/sample1.jpg
jpeg	1280	90	746579	0.0007091	./quality-samples/sample1.jpg
jpeg	1280	95	1103170	0.00035836	./quality-samples/sample1.jpg
jpeg	1280	100	2106284	0.00010285	./quality-samples/sample1.jpg
avif	1280	10	24054	0.04171538	./quality-samples/sample1.jpg
avif	1280	15	31657	0.03160614	./quality-samples/sample1.jpg
avif	1280	20	43757	0.0219596	./quality-samples/sample1.jpg
avif	1280	25	54537	0.01696778	./quality-samples/sample1.jpg
avif	1280	30	67834	0.01296624	./quality-samples/sample1.jpg
avif	1280	35	83622	0.01001511	./quality-samples/sample1.jpg
avif	1280	40	103941	0.00771675	./quality-samples/sample1.jpg
avif	1280	45	128664	0.00597447	./quality-samples/sample1.jpg
avif	1280	50	156522	0.00467217	./quality-samples/sample1.jpg
avif	1280	55	205647	0.0033579	./quality-samples/sample1.jpg
avif	1280	60	253899	0.00260417	./quality-samples/sample1.jpg
avif	1280	65	306029	0.00209421	./quality-samples/sample1.jpg
avif	1280	70	359570	0.00168673	./quality-samples/sample1.jpg
avif	1280	75	428146	0.00134382	./quality-samples/sample1.jpg
avif	1280	80	527299	0.00103082	./quality-samples/sample1.jpg
avif	1280	85	720643	0.00067752	./quality-samples/sample1.jpg
avif	1280	90	943160	0.00048682	./quality-samples/sample1.jpg
avif	1280	95	1271276	0.00038083	./quality-samples/sample1.jpg
avif	1280	100	1691913	0.00033585	./quality-samples/sample1.jpg
webp	1280	10	28084	0.01616256	./quality-samples/sample2.jpg
webp	1280	15	31702	0.01377463	./quality-samples/sample2.jpg
webp	1280	20	35880	0.01163167	./quality-samples/sample2.jpg
webp	1280	25	39482	0.00996816	./quality-samples/sample2.jpg
webp	1280	30	43156	0.00864348	./quality-samples/sample2.jpg
webp	1280	35	47316	0.00760318	./quality-samples/sample2.jpg
webp	1280	40	51746	0.00649784	./quality-samples/sample2.jpg
webp	1280	45	56592	0.00564974	./quality-samples/sample2.jpg
webp	1280	50	60518	0.00517333	./quality-samples/sample2.jpg
webp	1280	55	64608	0.00469616	./quality-samples/sample2.jpg
webp	1280	60	68632	0.00411603	./quality-samples/sample2.jpg
webp	1280	65	73202	0.00390874	./quality-samples/sample2.jpg
webp	1280	70	78654	0.00345948	./quality-samples/sample2.jpg
webp	1280	75	83838	0.00327766	./quality-samples/sample2.jpg
webp	1280	80	105744	0.00236563	./quality-samples/sample2.jpg
webp	1280	85	138172	0.00172879	./quality-samples/sample2.jpg
webp	1280	90	205582	0.00103104	./quality-samples/sample2.jpg
webp	1280	95	337392	0.00056063	./quality-samples/sample2.jpg
webp	1280	100	566224	0.00033082	./quality-samples/sample2.jpg
jpeg	1280	10	35840	0.02627786	./quality-samples/sample2.jpg
jpeg	1280	15	48006	0.01595672	./quality-samples/sample2.jpg
jpeg	1280	20	59096	0.01114031	./quality-samples/sample2.jpg
jpeg	1280	25	69892	0.00807448	./quality-samples/sample2.jpg
jpeg	1280	30	79069	0.00619736	./quality-samples/sample2.jpg
jpeg	1280	35	87984	0.00488818	./quality-samples/sample2.jpg
jpeg	1280	40	95584	0.0041449	./quality-samples/sample2.jpg
jpeg	1280	45	104240	0.00348733	./quality-samples/sample2.jpg
jpeg	1280	50	112064	0.00301734	./quality-samples/sample2.jpg
jpeg	1280	55	119982	0.00269218	./quality-samples/sample2.jpg
jpeg	1280	60	130533	0.00240139	./quality-samples/sample2.jpg
jpeg	1280	65	144297	0.00201091	./quality-samples/sample2.jpg
jpeg	1280	70	161593	0.00171635	./quality-samples/sample2.jpg
jpeg	1280	75	181420	0.00134379	./quality-samples/sample2.jpg
jpeg	1280	80	213370	0.00107028	./quality-samples/sample2.jpg
jpeg	1280	85	261868	0.00078663	./quality-samples/sample2.jpg
jpeg	1280	90	350688	0.00050198	./quality-samples/sample2.jpg
jpeg	1280	95	547309	0.00026097	./quality-samples/sample2.jpg
jpeg	1280	100	1249262	0.00007394	./quality-samples/sample2.jpg
avif	1280	10	6257	0.02287103	./quality-samples/sample2.jpg
avif	1280	15	7909	0.0180852	./quality-samples/sample2.jpg
avif	1280	20	10534	0.01331232	./quality-samples/sample2.jpg
avif	1280	25	12984	0.01072828	./quality-samples/sample2.jpg
avif	1280	30	15973	0.00843761	./quality-samples/sample2.jpg
avif	1280	35	19553	0.00674443	./quality-samples/sample2.jpg
avif	1280	40	23841	0.00546197	./quality-samples/sample2.jpg
avif	1280	45	29248	0.00435319	./quality-samples/sample2.jpg
avif	1280	50	35255	0.0035453	./quality-samples/sample2.jpg
avif	1280	55	45100	0.00270441	./quality-samples/sample2.jpg
avif	1280	60	54436	0.00225259	./quality-samples/sample2.jpg
avif	1280	65	64469	0.00190428	./quality-samples/sample2.jpg
avif	1280	70	74610	0.00164584	./quality-samples/sample2.jpg
avif	1280	75	88232	0.00140594	./quality-samples/sample2.jpg
avif	1280	80	108592	0.00114531	./quality-samples/sample2.jpg
avif	1280	85	160457	0.00079173	./quality-samples/sample2.jpg
avif	1280	90	256700	0.00050571	./quality-samples/sample2.jpg
avif	1280	95	466044	0.00027951	./quality-samples/sample2.jpg
avif	1280	100	796295	0.00017949	./quality-samples/sample2.jpg
webp	1280	10	95530	0.01945048	./quality-samples/sample3.jpg
webp	1280	15	110164	0.01600812	./quality-samples/sample3.jpg
webp	1280	20	123404	0.01358164	./quality-samples/sample3.jpg
webp	1280	25	138642	0.01166843	./quality-samples/sample3.jpg
webp	1280	30	155572	0.01008299	./quality-samples/sample3.jpg
webp	1280	35	173468	0.00869214	./quality-samples/sample3.jpg
webp	1280	40	184734	0.00795202	./quality-samples/sample3.jpg
webp	1280	45	194632	0.00746639	./quality-samples/sample3.jpg
webp	1280	50	207418	0.00679761	./quality-samples/sample3.jpg
webp	1280	55	219724	0.00627304	./quality-samples/sample3.jpg
webp	1280	60	233352	0.00578529	./quality-samples/sample3.jpg
webp	1280	65	250680	0.00524029	./quality-samples/sample3.jpg
webp	1280	70	271416	0.00466957	./quality-samples/sample3.jpg
webp	1280	75	283426	0.00420624	./quality-samples/sample3.jpg
webp	1280	80	347536	0.00270237	./quality-samples/sample3.jpg
webp	1280	85	422128	0.00187078	./quality-samples/sample3.jpg
webp	1280	90	554734	0.00112217	./quality-samples/sample3.jpg
webp	1280	95	825082	0.00060208	./quality-samples/sample3.jpg
webp	1280	100	1171034	0.00040276	./quality-samples/sample3.jpg
jpeg	1280	10	89888	0.03179799	./quality-samples/sample3.jpg
jpeg	1280	15	123823	0.01884825	./quality-samples/sample3.jpg
jpeg	1280	20	154194	0.0133381	./quality-samples/sample3.jpg
jpeg	1280	25	181627	0.01006275	./quality-samples/sample3.jpg
jpeg	1280	30	205869	0.00808912	./quality-samples/sample3.jpg
jpeg	1280	35	228425	0.00677186	./quality-samples/sample3.jpg
jpeg	1280	40	246769	0.00585269	./quality-samples/sample3.jpg
jpeg	1280	45	267671	0.00512618	./quality-samples/sample3.jpg
jpeg	1280	50	285287	0.00455681	./quality-samples/sample3.jpg
jpeg	1280	55	303836	0.00406703	./quality-samples/sample3.jpg
jpeg	1280	60	325974	0.00362563	./quality-samples/sample3.jpg
jpeg	1280	65	353491	0.00315561	./quality-samples/sample3.jpg
jpeg	1280	70	387114	0.00271374	./quality-samples/sample3.jpg
jpeg	1280	75	426280	0.00228681	./quality-samples/sample3.jpg
jpeg	1280	80	487670	0.00181979	./quality-samples/sample3.jpg
jpeg	1280	85	573067	0.0013716	./quality-samples/sample3.jpg
jpeg	1280	90	718415	0.00092409	./quality-samples/sample3.jpg
jpeg	1280	95	1024552	0.00051735	./quality-samples/sample3.jpg
jpeg	1280	100	2054859	0.00025344	./quality-samples/sample3.jpg
avif	1280	10	28262	0.040561	./quality-samples/sample3.jpg
avif	1280	15	37114	0.03020366	./quality-samples/sample3.jpg
avif	1280	20	49943	0.02156987	./quality-samples/sample3.jpg
avif	1280	25	61586	0.01679257	./quality-samples/sample3.jpg
avif	1280	30	75247	0.01302064	./quality-samples/sample3.jpg
avif	1280	35	91462	0.01024417	./quality-samples/sample3.jpg
avif	1280	40	111808	0.00792558	./quality-samples/sample3.jpg
avif	1280	45	136135	0.00614685	./quality-samples/sample3.jpg
avif	1280	50	163624	0.0048273	./quality-samples/sample3.jpg
avif	1280	55	207964	0.00355235	./quality-samples/sample3.jpg
avif	1280	60	248081	0.00284564	./quality-samples/sample3.jpg
avif	1280	65	287989	0.00239693	./quality-samples/sample3.jpg
avif	1280	70	325076	0.00209212	./quality-samples/sample3.jpg
avif	1280	75	370367	0.00182851	./quality-samples/sample3.jpg
avif	1280	80	434202	0.00158775	./quality-samples/sample3.jpg
avif	1280	85	563228	0.0013043	./quality-samples/sample3.jpg
avif	1280	90	739577	0.00112333	./quality-samples/sample3.jpg
avif	1280	95	1065162	0.00101277	./quality-samples/sample3.jpg
avif	1280	100	1506945	0.00097321	./quality-samples/sample3.jpg
webp	1920	10	89698	0.01081672	./quality-samples/sample0.jpg
webp	1920	15	103504	0.0089492	./quality-samples/sample0.jpg
webp	1920	20	114192	0.00778482	./quality-samples/sample0.jpg
webp	1920	25	124188	0.00697034	./quality-samples/sample0.jpg
webp	1920	30	137800	0.00608167	./quality-samples/sample0.jpg
webp	1920	35	152546	0.0054147	./quality-samples/sample0.jpg
webp	1920	40	167998	0.00446111	./quality-samples/sample0.jpg
webp	1920	45	178392	0.00413304	./quality-samples/sample0.jpg
webp	1920	50	189138	0.00392575	./quality-samples/sample0.jpg
webp	1920	55	199194	0.00351603	./quality-samples/sample0.jpg
webp	1920	60	211894	0.00317108	./quality-samples/sample0.jpg
webp	1920	65	222756	0.00292197	./quality-samples/sample0.jpg
webp	1920	70	232220	0.00278713	./quality-samples/sample0.jpg
webp	1920	75	247158	0.00253594	./quality-samples/sample0.jpg
webp	1920	80	299034	0.00198662	./quality-samples/sample0.jpg
webp	1920	85	357674	0.00160238	./quality-samples/sample0.jpg
webp	1920	90	467038	0.00115889	./quality-samples/sample0.jpg
webp	1920	95	675792	0.00067775	./quality-samples/sample0.jpg
webp	1920	100	970368	0.00046742	./quality-samples/sample0.jpg
jpeg	1920	10	90642	0.02475281	./quality-samples/sample0.jpg
jpeg	1920	15	119748	0.01475254	./quality-samples/sample0.jpg
jpeg	1920	20	143393	0.01044653	./quality-samples/sample0.jpg
jpeg	1920	25	164586	0.00790958	./quality-samples/sample0.jpg
jpeg	1920	30	183962	0.00640858	./quality-samples/sample0.jpg
jpeg	1920	35	201869	0.00538038	./quality-samples/sample0.jpg
jpeg	1920	40	217098	0.00470456	./quality-samples/sample0.jpg
jpeg	1920	45	233872	0.00414945	./quality-samples/sample0.jpg
jpeg	1920	50	248260	0.00372603	./quality-samples/sample0.jpg
jpeg	1920	55	263347	0.00334	./quality-samples/sample0.jpg
jpeg	1920	60	281548	0.00300354	./quality-samples/sample0.jpg
jpeg	1920	65	303892	0.00260079	./quality-samples/sample0.jpg
jpeg	1920	70	331794	0.00223971	./quality-samples/sample0.jpg
jpeg	1920	75	363923	0.00186995	./quality-samples/sample0.jpg
jpeg	1920	80	414144	0.00149883	./quality-samples/sample0.jpg
jpeg	1920	85	485793	0.00113861	./quality-samples/sample0.jpg
jpeg	1920	90	608390	0.00078105	./quality-samples/sample0.jpg
jpeg	1920	95	867112	0.00048326	./quality-samples/sample0.jpg
jpeg	1920	100	1710585	0.00029045	./quality-samples/sample0.jpg
avif	1920	10	36673	0.02490449	./quality-samples/sample0.jpg
avif	1920	15	46640	0.01763888	./quality-samples/sample0.jpg
avif	1920	20	60357	0.01224937	./quality-samples/sample0.jpg
avif	1920	25	71748	0.00938107	./quality-samples/sample0.jpg
avif	1920	30	84759	0.0072422	./quality-samples/sample0.jpg
avif	1920	35	99239	0.00575541	./quality-samples/sample0.jpg
avif	1920	40	116686	0.00462118	./quality-samples/sample0.jpg
avif	1920	45	136916	0.00379424	./quality-samples/sample0.jpg
avif	1920	50	160016	0.00315442	./quality-samples/sample0.jpg
avif	1920	55	196982	0.00250717	./quality-samples/sample0.jpg
avif	1920	60	230251	0.00210185	./quality-samples/sample0.jpg
avif	1920	65	262408	0.00182834	./quality-samples/sample0.jpg
avif	1920	70	292745	0.00161998	./quality-samples/sample0.jpg
avif	1920	75	329415	0.00142007	./quality-samples/sample0.jpg
avif	1920	80	381118	0.00120804	./quality-samples/sample0.jpg
avif	1920	85	485785	0.00092164	./quality-samples/sample0.jpg
avif	1920	90	630140	0.00072632	./quality-samples/sample0.jpg
avif	1920	95	894378	0.0005973	./quality-samples/sample0.jpg
avif	1920	100	1257060	0.00057264	./quality-samples/sample0.jpg
webp	1920	10	159000	0.016863	./quality-samples/sample1.jpg
webp	1920	15	181732	0.01423851	./quality-samples/sample1.jpg
webp	1920	20	206472	0.01230879	./quality-samples/sample1.jpg
webp	1920	25	231990	0.01061105	./quality-samples/sample1.jpg
webp	1920	30	268206	0.00906179	./quality-samples/sample1.jpg
webp	1920	35	287704	0.00834843	./quality-samples/sample1.jpg
webp	1920	40	308110	0.00782164	./quality-samples/sample1.jpg
webp	1920	45	337588	0.00700617	./quality-samples/sample1.jpg
webp	1920	50	363678	0.00651112	./quality-samples/sample1.jpg
webp	1920	55	394916	0.00580831	./quality-samples/sample1.jpg
webp	1920	60	431608	0.00520737	./quality-samples/sample1.jpg
webp	1920	65	460256	0.00483663	./quality-samples/sample1.jpg
webp	1920	70	503920	0.0043956	./quality-samples/sample1.jpg
webp	1920	75	541080	0.00375286	./quality-samples/sample1.jpg
webp	1920	80	721188	0.00254418	./quality-samples/sample1.jpg
webp	1920	85	958388	0.0015673	./quality-samples/sample1.jpg
webp	1920	90	1355646	0.00084364	./quality-samples/sample1.jpg
webp	1920	95	2015636	0.00038567	./quality-samples/sample1.jpg
webp	1920	100	2740282	0.00021424	./quality-samples/sample1.jpg
jpeg	1920	10	153578	0.02982144	./quality-samples/sample1.jpg
jpeg	1920	15	212386	0.01822255	./quality-samples/sample1.jpg
jpeg	1920	20	267823	0.01262217	./quality-samples/sample1.jpg
jpeg	1920	25	324240	0.00942058	./quality-samples/sample1.jpg
jpeg	1920	30	377238	0.00749461	./quality-samples/sample1.jpg
jpeg	1920	35	429951	0.00618542	./quality-samples/sample1.jpg
jpeg	1920	40	472928	0.00531054	./quality-samples/sample1.jpg
jpeg	1920	45	522929	0.00458716	./quality-samples/sample1.jpg
jpeg	1920	50	565940	0.00400414	./quality-samples/sample1.jpg
jpeg	1920	55	611069	0.00354933	./quality-samples/sample1.jpg
jpeg	1920	60	666532	0.00312908	./quality-samples/sample1.jpg
jpeg	1920	65	736170	0.00263401	./quality-samples/sample1.jpg
jpeg	1920	70	817180	0.00220646	./quality-samples/sample1.jpg
jpeg	1920	75	906819	0.00181831	./quality-samples/sample1.jpg
jpeg	1920	80	1047815	0.00142706	./quality-samples/sample1.jpg
jpeg	1920	85	1242468	0.00105175	./quality-samples/sample1.jpg
jpeg	1920	90	1579938	0.00068014	./quality-samples/sample1.jpg
jpeg	1920	95	2307371	0.00032223	./quality-samples/sample1.jpg
jpeg	1920	100	4392724	0.0000774	./quality-samples/sample1.jpg
avif	1920	10	41549	0.03979408	./quality-samples/sample1.jpg
avif	1920	15	54077	0.03040512	./quality-samples/sample1.jpg
avif	1920	20	73764	0.02188282	./quality-samples/sample1.jpg
avif	1920	25	91758	0.01737011	./quality-samples/sample1.jpg
avif	1920	30	113677	0.01381772	./quality-samples/sample1.jpg
avif	1920	35	140195	0.0110518	./quality-samples/sample1.jpg
avif	1920	40	174299	0.00887464	./quality-samples/sample1.jpg
avif	1920	45	218138	0.00710644	./quality-samples/sample1.jpg
avif	1920	50	275262	0.00563972	./quality-samples/sample1.jpg
avif	1920	55	386906	0.00397163	./quality-samples/sample1.jpg
avif	1920	60	501368	0.00299851	./quality-samples/sample1.jpg
avif	1920	65	617938	0.0022612	./quality-samples/sample1.jpg
avif	1920	70	730186	0.00182037	./quality-samples/sample1.jpg
avif	1920	75	865072	0.00142666	./quality-samples/sample1.jpg
avif	1920	80	1050486	0.00106251	./quality-samples/sample1.jpg
avif	1920	85	1411804	0.00066921	./quality-samples/sample1.jpg
avif	1920	90	1844578	0.00045133	./quality-samples/sample1.jpg
avif	1920	95	2507588	0.00032597	./quality-samples/sample1.jpg
avif	1920	100	3427516	0.00026776	./quality-samples/sample1.jpg
webp	1920	10	52414	0.01338944	./quality-samples/sample2.jpg
webp	1920	15	58276	0.01161313	./quality-samples/sample2.jpg
webp	1920	20	64958	0.00993905	./quality-samples/sample2.jpg
webp	1920	25	71298	0.00873191	./quality-samples/sample2.jpg
webp	1920	30	78352	0.00759832	./quality-samples/sample2.jpg
webp	1920	35	84918	0.00673144	./quality-samples/sample2.jpg
webp	1920	40	92840	0.00579734	./quality-samples/sample2.jpg
webp	1920	45	100354	0.00523308	./quality-samples/sample2.jpg
webp	1920	50	106986	0.00479547	./quality-samples/sample2.jpg
webp	1920	55	114490	0.00436498	./quality-samples/sample2.jpg
webp	1920	60	122402	0.00400947	./quality-samples/sample2.jpg
webp	1920	65	130762	0.00369782	./quality-samples/sample2.jpg
webp	1920	70	137450	0.00342214	./quality-samples/sample2.jpg
webp	1920	75	149518	0.00309949	./quality-samples/sample2.jpg
webp	1920	80	192518	0.00224721	./quality-samples/sample2.jpg
webp	1920	85	257912	0.00169832	./quality-samples/sample2.jpg
webp	1920	90	375136	0.00105253	./quality-samples/sample2.jpg
webp	1920	95	654842	0.00055232	./quality-samples/sample2.jpg
webp	1920	100	1067366	0.00033415	./quality-samples/sample2.jpg
jpeg	1920	10	68053	0.02617144	./quality-samples/sample2.jpg
jpeg	1920	15	88577	0.01566871	./quality-samples/sample2.jpg
jpeg	1920	20	108068	0.01079751	./quality-samples/sample2.jpg
jpeg	1920	25	127108	0.00782698	./quality-samples/sample2.jpg
jpeg	1920	30	145271	0.00602146	./quality-samples/sample2.jpg
jpeg	1920	35	162549	0.00475515	./quality-samples/sample2.jpg
jpeg	1920	40	176971	0.00403638	./quality-samples/sample2.jpg
jpeg	1920	45	194429	0.00339672	./quality-samples/sample2.jpg
jpeg	1920	50	209960	0.00293219	./quality-samples/sample2.jpg
jpeg	1920	55	226221	0.00261083	./quality-samples/sample2.jpg
jpeg	1920	60	248090	0.00232721	./quality-samples/sample2.jpg
jpeg	1920	65	277211	0.0019275	./quality-samples/sample2.jpg
jpeg	1920	70	314468	0.00165073	./quality-samples/sample2.jpg
jpeg	1920	75	358013	0.00127138	./quality-samples/sample2.jpg
jpeg	1920	80	428124	0.00098639	./quality-samples/sample2.jpg
jpeg	1920	85	531485	0.00069738	./quality-samples/sample2.jpg
jpeg	1920	90	716944	0.00042194	./quality-samples/sample2.jpg
jpeg	1920	95	1108696	0.00021174	./quality-samples/sample2.jpg
jpeg	1920	100	2473002	0.00006287	./quality-samples/sample2.jpg
avif	1920	10	10190	0.01996888	./quality-samples/sample2.jpg
avif	1920	15	13013	0.0157528	./quality-samples/sample2.jpg
avif	1920	20	17258	0.0117586	./quality-samples/sample2.jpg
avif	1920	25	21169	0.00941025	./quality-samples/sample2.jpg
avif	1920	30	25575	0.007632	./quality-samples/sample2.jpg
avif	1920	35	31326	0.00627492	./quality-samples/sample2.jpg
avif	1920	40	38215	0.00513554	./quality-samples/sample2.jpg
avif	1920	45	46462	0.00422754	./quality-samples/sample2.jpg
avif	1920	50	56197	0.0035645	./quality-samples/sample2.jpg
avif	1920	55	72308	0.00282749	./quality-samples/sample2.jpg
avif	1920	60	88947	0.00237363	./quality-samples/sample2.jpg
avif	1920	65	107092	0.00202023	./quality-samples/sample2.jpg
avif	1920	70	127109	0.00175618	./quality-samples/sample2.jpg
avif	1920	75	154754	0.00149005	./quality-samples/sample2.jpg
avif	1920	80	201142	0.00119772	./quality-samples/sample2.jpg
avif	1920	85	315207	0.00076907	./quality-samples/sample2.jpg
avif	1920	90	492976	0.00046514	./quality-samples/sample2.jpg
avif	1920	95	848843	0.00024483	./quality-samples/sample2.jpg
avif	1920	100	1485088	0.00014529	./quality-samples/sample2.jpg
webp	1920	10	175754	0.01875012	./quality-samples/sample3.jpg
webp	1920	15	199422	0.01566423	./quality-samples/sample3.jpg
webp	1920	20	222548	0.01364775	./quality-samples/sample3.jpg
webp	1920	25	248286	0.01183958	./quality-samples/sample3.jpg
webp	1920	30	276184	0.01023807	./quality-samples/sample3.jpg
webp	1920	35	306836	0.00899058	./quality-samples/sample3.jpg
webp	1920	40	333056	0.00803356	./quality-samples/sample3.jpg
webp	1920	45	351244	0.00745862	./quality-samples/sample3.jpg
webp	1920	50	379008	0.00675363	./quality-samples/sample3.jpg
webp	1920	55	402358	0.00621165	./quality-samples/sample3.jpg
webp	1920	60	426492	0.00581394	./quality-samples/sample3.jpg
webp	1920	65	456844	0.00524989	./quality-samples/sample3.jpg
webp	1920	70	480468	0.00483713	./quality-samples/sample3.jpg
webp	1920	75	518308	0.00448057	./quality-samples/sample3.jpg
webp	1920	80	635826	0.00296519	./quality-samples/sample3.jpg
webp	1920	85	795000	0.002174	./quality-samples/sample3.jpg
webp	1920	90	1088120	0.00111563	./quality-samples/sample3.jpg
webp	1920	95	1581108	0.00065412	./quality-samples/sample3.jpg
webp	1920	100	2417980	0.00040565	./quality-samples/sample3.jpg
jpeg	1920	10	174199	0.03292868	./quality-samples/sample3.jpg
jpeg	1920	15	237214	0.01947148	./quality-samples/sample3.jpg
jpeg	1920	20	294596	0.01355188	./quality-samples/sample3.jpg
jpeg	1920	25	347564	0.01019997	./quality-samples/sample3.jpg
jpeg	1920	30	396163	0.00813025	./quality-samples/sample3.jpg
jpeg	1920	35	441330	0.00676524	./quality-samples/sample3.jpg
jpeg	1920	40	478244	0.0058209	./quality-samples/sample3.jpg
jpeg	1920	45	518554	0.0050684	./quality-samples/sample3.jpg
jpeg	1920	50	553409	0.00447746	./quality-samples/sample3.jpg
jpeg	1920	55	590054	0.00399116	./quality-samples/sample3.jpg
jpeg	1920	60	635056	0.00353995	./quality-samples/sample3.jpg
jpeg	1920	65	691059	0.00305149	./quality-samples/sample3.jpg
jpeg	1920	70	758833	0.00261334	./quality-samples/sample3.jpg
jpeg	1920	75	838136	0.00218298	./quality-samples/sample3.jpg
jpeg	1920	80	963055	0.00172447	./quality-samples/sample3.jpg
jpeg	1920	85	1136115	0.00130312	./quality-samples/sample3.jpg
jpeg	1920	90	1435056	0.00088584	./quality-samples/sample3.jpg
jpeg	1920	95	2076033	0.0005078	./quality-samples/sample3.jpg
jpeg	1920	100	4340927	0.0002342	./quality-samples/sample3.jpg
avif	1920	10	49624	0.03846117	./quality-samples/sample3.jpg
avif	1920	15	64622	0.02906179	./quality-samples/sample3.jpg
avif	1920	20	85487	0.02088552	./quality-samples/sample3.jpg
avif	1920	25	104679	0.01644122	./quality-samples/sample3.jpg
avif	1920	30	127187	0.01294028	./quality-samples/sample3.jpg
avif	1920	35	153983	0.01015496	./quality-samples/sample3.jpg
avif	1920	40	186837	0.00796411	./quality-samples/sample3.jpg
avif	1920	45	227938	0.00620739	./quality-samples/sample3.jpg
avif	1920	50	273924	0.00488929	./quality-samples/sample3.jpg
avif	1920	55	349202	0.00362961	./quality-samples/sample3.jpg
avif	1920	60	418412	0.00291908	./quality-samples/sample3.jpg
avif	1920	65	487651	0.00246443	./quality-samples/sample3.jpg
avif	1920	70	555066	0.00214159	./quality-samples/sample3.jpg
avif	1920	75	638328	0.001855	./quality-samples/sample3.jpg
avif	1920	80	760056	0.00157504	./quality-samples/sample3.jpg
avif	1920	85	1020975	0.0012338	./quality-samples/sample3.jpg
avif	1920	90	1419582	0.00101222	./quality-samples/sample3.jpg
avif	1920	95	2170013	0.00087208	./quality-samples/sample3.jpg
avif	1920	100	3162630	0.00082526	./quality-samples/sample3.jpg
